k,a_k
0,1.0
1,1.0705036241224311050273800305140461156799282471466935826178251470223752673950222
2,0.86986400462962962962962962962962962962962962962962962962962962962962962962962963
3,1.2494896439444016305354369111415339903535779491341701375175587198449677479293973
4,2.2069457263013353945187471422039323273891175125743026977594878829446730681298583
5,4.4712298764568643687166200536693251486627465059290471116010211506885374787890403
6,10.726349124089678730841620307966335867951475328399577751810643138184671487521663
7,29.94758675967784581386707573479692105293928408139777524987730711179762638990143
8,95.651865167066077643360466182162506591089984831746617156474506584866907085177787
9,344.76967879421020291771809017741192877827472674312987032599615950578189355451235
10,1386.1153838974631242095584810256822479524136280034423076643248738354425963012921
11,6154.5334782238166264212090461244576982646141235937513709939191559163441030631286
12,29926.345945875682260744917699918970518193305154091651514643778564455273199692783
13,158213.64127595967055163534765313820816365470586675114524688540344612888182436716
14,903793.72519040060013417140327965827719107928207708217549951129474639657620109127
15,5548678.3665042511543541740428923759922521485625754281959998062915334794012509722
16,36438284.751774629598980862434315954475803150818233616206090534571351079136511856
17,254901053.14667710447918300005335663786266123493567876807756149901141379418617385
18,1892483090.5339965151818594853047197268913230219828844148945946148726724790239752
19,14863211885.052832547049815700077389957442849638320247433252771775609256989256145
20,123121442722.78974927241937765487184730196736509623906099028775655280057396217329
21,1072853979477.8298658838115600954364806659555901001116994899812891046292593377193
22,9810409352366.3668811915176351214065343336218655360420841365923010948426199539151
23,93933564089758.143983933074800781426745743992569170173966840267103349347096953322
24,939877250704201.31547862915388984076486755445139346268289605811353665970483373267
25,9809335040571960.465121946861630254206465518847585177580630093884610836791080395
26,106608289013857670.50353934359604746476765669794978776014546587128432632756344293
27,1204610051666192217.5323364489060008163977012820804840612563723752580425081883721
28,14131143636096911330.647410497229704611145686350538776766500434484401699387073159
29,171869753044257789326.02839259551558760816116731366685441067807612131348160532472
30,2164557364644399898655.8380464286201406484870819829967012941236877540691891378347
31,28195425472228347319406.908070896479630379413488632844432719124715740416567458602
32,379448852053153866485127.18518601763049333203034318268684539123735234443093458468
33,5270449864940182384151377.4141347151287164037094070076516583515410294276772565209
34,75482068650766657361475464.724292488392471805204180656642788837024941204492386812
35,1113648157786060760999313255.5214881357403409995751413723424805034108070245231594
36,16911778182598862939995186322.286809151087656379567117097202754125601193419133729
37,264129687145717725534652006681.96283391279994397285755665091158373623938842174243
38,4239361230913956591918491853745.3479671381360358946453325811647565801766627024101
39,69875506693114087090025538589229.658929427537945425877376664914405049962241580628
40,1181933582961830616032859668553309.1838141203917769587043108718247899985060949061
41,20503210950080634804677677550751798.789308858655036863559014031528906536980536221
42,364537642112922753773199092658421083.2046273746796325775716125905946391713841412
43,6638934932980500440324066228629138818.1833081582209399443252674054510652777408493
44,123778657933707062887030852259792220135.19368771815239623935047791299455297335598
45,2361301180890385332872045497657047786908.6922322566730351406616751498343543989252
46,46067281457927109279615156023434864448708.732309053283453047049768488525682719493
47,918663399706074788118962288666947268768413.79856117678414430350928999578274519754
48,18717119560455269876175819159551221541671872.136395807391761118177771940980766321
49,389444032050751772388470346286610771930035917.23826163087471984163279667544439087
50,8271555738572528098287213023776370742297307950.8804402358665865010137359858090399
51,179260932563768763497150604897556972020591251520.49742681114492188209095619262796
52,3962485433332071015647961421087919138767993036658.5887321481294022912057185231528
53,89303242106493232217094034869075442362907051569912.411709677218404433340178820934
54,2051278030253997256793372200167319204174645292678272.9025714104626020422783867948
55,48004921449819360734605139527821185809629000586298506.501138501386119606423661376
56,1144202055737354058210633864165389419137899292157298388.4586518835337333632055454
57,27767227469439218026827203417835998884763443522097063529.570982349787841110816667
58,685862865218653301762031266301666198629380271213410514976.47947729143991683852499
59,17237884022165249434101229187745507960451694898920208689426.082173312634757583282
60,440700922631904272673591548596634827665922336427849517087209.8147175922696201393
61,11457584136686776525204161051137821263602910980615986015786537.296234496389740896
62,302838496276507778246690233473540301495072321956485551740645762.96803442428337668
63,8135453563796086726801489620995064673036765521591463180630744615.7154390334984237
64,222071365395342499764956957584775191415951163508839024819135761045.97855932943914
65,6157925487108321327049837065956606019829937930939958646517291336785.2634555908138
66,173421009844206693011834602764916546011247790854866568344737640581218.8779138751
67,4958975494959240650785747870633731170185502281274428602124113792378427.9487774546
68,143948057864427372699170147397444078952359032259685922024348639120604667.23046598
69,4240790463339704584459917306788536373998792087000003788382705521453121426.500916
70,126771416928250070691500654305954270483994213216611847267103905669514155148.6372
71,3844487503678058255960948324027314261260371600306823988659093711661971001952.4432
72,118252346803624896214996010625925276578260033093969745802569430152903969274853.77
73,3688496538218032124272076575069607263893619673423362720886200084452140992366636.7
74,1.166470455995373498369200453463988120719115456369588612860250654723089347264283e+80
75,3.7393970431811072288523454839504307673264857739041451625366786714902892545689921e+81
76,1.2149370833986846762743583319902263704033199637943240858352718839999865299114048e+83
77,3.9999388792009160734736653548086484171283646353464832861989282691004589448038519e+84
78,1.3342133365099039778527105127630279078186758134464376654784048449735285926928503e+86
79,4.5081305280546659096767680070704591297502504040205863686584490750820552440960897e+87
80,1.5427507044653800346556990209466776157597959939060595490370203457236764772496214e+89
81,5.346304163639395421242646728910973346455244677989133844136709915045673589096991e+90
82,1.8758689897484707287559307878429499086431035008419392347801073171493170041493257e+92
83,6.663098397978971819799709873195918055910651143498089313354227742462006907050063e+93
84,2.395578350890146308669304448281477327503264475828782306024795337678228895704395e+95
85,8.7164983340607459599394956102416019848121455187361961265658293212711964934290014e+96
86,3.2092963122740426666166707166578267237944849774786281283741128632916308895864067e+98
87,1.1955112992910545540278246640141408678356224679106905285960116844260054590642232e+100
88,4.5052100981259047029690506886160153077247431238382918104639118861314332688013091e+101
89,1.717262310293767274585687982082089099433744159237985722972276508270810863976451e+103
90,6.6200683806729895561591891281068833789023207912709843657250475042715617165562725e+104
91,2.5807018355277069643215002543303010786620066142303383165257338343877436145532557e+106
92,1.0172066296983303397258488245540385084828856144662487458784968438608868564867151e+108
93,4.053443978467654773435647088601506092611236834844578626966399842526750691572284e+109
94,1.6327947138239486035918194626911795497492789112592797707785430671804591962302192e+111
95,6.6478510974749553015347352114460311452646776223409279979680488975553144049448976e+112
96,2.7354211265490141104926600941021255902130471584344803829407733956669343320908804e+114
97,1.1373975305469731957143582419044217300372936758878051628412302800782010976027232e+116
98,4.7785758610222247353912241964601468902623636406170805347110435504593484592380471e+117
99,2.0283211594677080802991351119204663343098933876065819381197353280408354396269233e+119
100,8.6972476582335632074496566100424502736748949779237331147683151731976517559584864e+120
101,3.7669476559730437160556141669540352673038371458409750415114780695327669769955873e+122
102,1.6478459129999009981254440030269390342212695105372074241712097667426690080185156e+124
103,7.2798153554198479521883821989137820626262861190714342513841248165178390999490214e+125
104,3.2475750354579484934723867935835022430027659949500853543933828366747772918751646e+127
105,1.4628244428771049282072048071299015982789072587864099467546548958535870509878164e+129
106,6.6524145814895700168645541888541934945037557579369623664359518513803456109856448e+130
107,3.0540851997909379499052191269714973571768063147304797102613245831787052778148186e+132
108,1.4153346212561793248072810917980751458659287211801518972455965484341808849680677e+134
109,6.620264891703700030170112732241730160502424502438476628644638232853767546833667e+135
110,3.1253068940922069640711180407351082660997321713086732107186730578783702811858267e+137
111,1.4889308546070906465403251016515131699053687542842203717497744649915199819533178e+139
112,7.1578912605890030024821217775800435129207277799061333706700658672208791150131093e+140
113,3.4720755195546916464161499395845086744167404586490475041698181068581550393740782e+142
114,1.6992299188268808570617868758523748054571871816627627525488816563664677662597842e+144
115,8.3895771722578801351787370815033623709511215032671087089090926238135169107867109e+145
116,4.1784918859425576950215344887864064120444422666332120309543829316074922067495193e+147
117,2.0992193086793103357124409439894892943551759701426731477001629782342195656271948e+149
118,1.063708378367291257574655739063687470593119467105507427912704122226132476418134e+151
119,5.4360341123567180654206309338424732995360682964741004110182997255191797553657629e+152
120,2.8015955188782019227285067488300583290917715938887065441388200506295251935438412e+154
121,1.4560011726520486990162002798521523500550203182327223748961929595224116441857736e+156
122,7.6299363658785165987771602121240259537644858668579131061361079453156696716253009e+157
123,4.0313766279924472103445574816261287680160981836444475915564323334306389268880788e+159
124,2.1474840520475020466183105001140986051967949872358828017600705333848946568570821e+161
125,1.1532460024756905992877774032190073411825286996128379973490386996046728324289435e+163
126,6.2431128700626598857148317278835992352740242954663703668493759969869631893847948e+164
127,3.4067468594436240656108669353723012190382263690733396343274485295605865604550979e+166
128,1.8737457455280715119551562726986653278016778262612298583729729976717804889622055e+168
129,1.0386917227871393346699178891509185291930271854943962795642792342649709562420066e+170
130,5.8028509183338887856921747527092595102867508973126140586161820895303560911895652e+171
131,3.2669975706189573083561251808466788169378140160823911474870277554276960672117621e+173
132,1.8534598794332318501811059157623106128458447909609066479542037117051057879111168e+175
133,1.0595446462829374701913956093292145847370156270198098301023055476940649247202984e+177
134,6.1028419424982893354685627595252613412597866003025561472196236523961259230578095e+178
135,3.5415815008397020619009536618336203062511193954891908322552143674564565009644583e+180
136,2.0705725326550596020004436396356638663889618042997210950370217531294751711078249e+182
137,1.2195172158354155711357501495971667778845575845623059199341690828729032456517565e+184
138,7.2354615388544134979133721006361497178044559456886683325737756366006245434531714e+185
139,4.3241648119452969488280087051518947348424482801387236770574401217159388930529176e+187
140,2.6029938684183588988048914044077879491066712854918695199461741521853471023410173e+189
141,1.5781798651999613228278489901342578191565545725379101710559419035677643151984985e+191
142,9.6367403165008126189925870892021336562405759572824343145506696866764405444651719e+192
143,5.9261452202551012551050196430322232409101139464286515827122032704394578818828215e+194
144,3.6699603828206465432796129085078725786192676694044716508340918517010934290057734e+196
145,2.2886331921181548549054383485850395796687987790640819722829108718597901747069987e+198
146,1.4371291834670477311197659765234605126306347682672797939290430359301240658154229e+200
147,9.086561766854046967471761783385039617742876602468439256361162529062373459315283e+201
148,5.7845177129551966942703071125694402455136817904814164107379762268187232498641834e+203
149,3.7074767874220310243353877062942712077705894956679677252026582633112756624576967e+205
150,2.3922888976636008225013881364972585350369381574540084686435811024294545568377719e+207
151,1.5540076717864297424755595977455246723259678653807533392766480895244619081781409e+209
152,1.0161966339448626204079339241553469192921382303296844182911116855948478612941689e+211
153,6.6891104975861122407804376389048175985419355576419791427158934598982173691929273e+212
154,4.4320660819717685793137814063011746145136616827856823020487991723098920407303862e+214
155,2.9557845977225719369446064241661648449003376854630527518111157981956070935745948e+216
156,1.9840368440016926908954207378510983504272978475740249552997810055253316670146967e+218
157,1.3403524556527015537347965186105914780090054460830266356196560850034228598681903e+220
158,9.1130298116311730867455907963058104917779025258795171004561432435918380884936343e+221
159,6.2353875835287155657104636310228412499921349078877657722845223483349094084179181e+223
160,4.293422382133190236222413200459226330693209830715511986729360595697161630883372e+225
161,2.9748570976951593808372663883348396383069588704344321467360104339857172394301938e+227
162,2.0741204628721424635861155611730706272613271979606740185958787631786202046322565e+229
163,1.4550920695194691329150075426882490202486970162513978492652065797384836257882444e+231
164,1.0271149767349847885517165942302323227969324585767396326515082962090797875688123e+233
165,7.2946322681127382814923238890278443149593389318974565100457983118619014670158247e+234
166,5.212275465460548827494648742125675472834223696694478835303048477589107933459841e+236
167,3.746924889949354001418000049741168231734224148328481734155529198245816896656168e+238
168,2.7097581669823577975409567939528143314300383380603797616515996965328521374556327e+240
169,1.9714167174255761028645339879228352027701590092722341978227201712918715437423359e+242
170,1.4427906232017946928852899316539787756461648494310319376487652147350694509755931e+244
171,1.0621600533137304097501583571364768115612567680999246641362323773130282205641228e+246
172,7.8654463601806479947378520130993150403570296007919148061794187882922204055549326e+247
173,5.8585304966134357876378980566237988016955258948541198293385114591293569532168578e+249
174,4.3890573445229042585004791868837115012520811227578040643651545436301913558625603e+251
175,3.3071702309778896579420294103310190756988319734623817584879639582220446289374929e+253
176,2.5062837724380855362637532270973993833094300354506293424008177746627924699505395e+255
177,1.9101969926088170433357496564183038964637840609795995798046941377425883541006668e+257
178,1.4641523895659705662139895376607114467802573981453846619028081169181769609802964e+259
179,1.1286018479065845028500391567492280098550901578679021981104935925867289666725112e+261
180,8.7483849607017577203624874871055731089115005902363915795327829295378375198176074e+262
181,6.8192108214659155173594040225557159440338386583013154488543218303619845406624605e+264
182,5.3449796307160173872070218219981352257917765506381601547126635645701935029290772e+266
183,4.2126021634379834332040566904002303653615417510963466006300895108225748130653464e+268
184,3.3383678372632723468794181774108474929787399872395130525840809355439209361256881e+270
185,2.6600164060902636140332752375892831658185234381950617597782631065150235879632834e+272
186,2.1310223618583742354983798596437799330875790321762986480789849589072431026816815e+274
187,1.7164556196067351752388708975764786483518817835767843028641098065573047782679289e+276
188,1.3899701785206562161571816829269241607052425456557967684965338582439453444884929e+278
189,1.1316035574569831017314246149907018711670547575672159094736460737695219017736715e+280
190,9.2616157846409183984142891992257363189558768699861826122114026125110022856921934e+281
191,7.6202759518872522081813478083236233256880319771127638953820560526414371964704007e+283
192,6.3028082261497717871486457297816358156550343910027561299722453636018187922863055e+285
193,5.2404073120326407335937882668110424607474717621021837349872394552916895370778941e+287
194,4.3797747408867912886802961803288653762658698468309580298559635558834009100440157e+289
195,3.6794476672475910882648584094759168765325850952234341683355800542850266319190245e+291
196,3.1070345044906511166173255305270562954348669642728985678950627984011662415109699e+293
197,2.6371248750609620371434708197316807676213821041032915033033489332610436311330139e+295
198,2.2497029960931899808531871018639248054059036509850001231324927957252843360412733e+297
199,1.9289384229409859464344841150107134914912073083818793970296151915163936643630365e+299
200,1.6622607619546676352754422340174580498398626876909418669116625388953287556343156e+301
201,1.4396489078060579910419435901961012933289547229112002228809881412268588177149334e+303
202,1.2530829668429887220737179788481440993978749589842595469099335691862630818350842e+305
203,1.0961200232992622590292535045304728287362080097879875946761342261665430715373207e+307
204,9.6356453336908508283824449548684167786548093417008352724621403273811649768690399e+308
205,8.5121129220232746562019700921556593106274687263341336159692305901086525358935842e+310
206,7.5564426308557982355394713232993213415376363293298450329757178668111825730630902e+312
207,6.740785614648953847426066120728715239325923931644019112391120577972800988702637e+314
208,6.0423589621981660824799888858004680624380495788372278519262962057586956789309364e+316
209,5.4424604137133267742177371183907793856138299324894515391505595962116192238012966e+318
210,4.9256863065233313728090561958600820966001960618295697503916214355913075770775408e+320
211,4.4793087355731776956787089854810841029015168556116704243745829266910070243932468e+322
212,4.0927778725891434579757379842139285822038061351868769043518753847073044853273518e+324
213,3.7573230047506404492359168507571759039392010910384354620677756275907752201754187e+326
214,3.46563169968192353895279610649352038729265188390859195584470420057846774119838e+328
215,3.2115910052039246106946992226731229736590806275911442834294759518411255767411228e+330
216,2.9900780700993591667141284172783494382733964908313861713984975471445981472305983e+332
217,2.7967902677477548081950884720822284735689809262647143863132188303921347121749568e+334
218,2.6281070005844550644451123833752355454843377554916588698933107885319728030540568e+336
219,2.4809769985354127171979653163159479206790251872485051369860918351109151722462563e+338
220,2.3528262043669356263350760286476612705130844133891516796492668234345452845926785e+340
221,2.2414823438073153513258187015071883509161141510926232952739060955994058624530808e+342
222,2.1451130700347857755960434487727210515569084012172312928841863711735111580517687e+344
223,2.0621751980862570506442696166392167548315165812005596893199814334588075464357414e+346
224,1.991373041468559953757498939317933465807905589433889001886132675105705465355347e+348
225,1.9316242590189046121627506422574845652830172957669509659911110877636023906143892e+350
226,1.8820319368128803359505396183628220625769214631438033475845981824487421890318072e+352
227,1.8418618847655626561321609346530733612313249628685497823208503356070563639689724e+354
228,1.8105243339108456005190186301523085227473141319989543368035535533249012305540014e+356
229,1.7875593887223731633853561004841623276143682817226450820093602394567632643391708e+358
230,1.7726257276143682432767166029892745402476430052248043350208443285761088182389106e+360
231,1.765492160612904210324761560952207654462520705609757574839248524103411794592573e+362
232,1.7660317515186434414016267095483166402991866637887570567895800950237085939200266e+364
233,1.7742182971242022296382041056696324114174461707957747600128735425235460108987318e+366
234,1.7901250319175942964519289452895931574505947897512670566287534505743262558550351e+368
235,1.8139254963948359461029724968183371604790793419152455255918517534404237301809088e+370
236,1.8458965734674227056554783522754078698100307490890420526525765499896974878149758e+372
237,1.8864237631267501854757103443749927092191664094064413387226188729422974010630895e+374
238,1.9360088330857178601169355314376559322517847180793643087027827582308231020465197e+376
239,1.9952800551747025896520716059885438914232862907516139087329523395092656614647789e+378
240,2.0650053166147344165917935912990246188518679753176365025399569295854766255393986e+380
241,2.1461084850193393110350269018490818510079872972894017485997241889335015680338001e+382
242,2.239689509632948576884119592385237134880177548081117396351131650391353541734736e+384
243,2.3470488630623321749867246011320898595147027420723049600946907632341224880116161e+386
244,2.4697170725832323431997125324456378637196842796177176562437959754790799672242462e+388
245,2.6094902640578066206413835297525743371955862309761747182157442305154798910585584e+390
246,2.7684728519980525657424646355193372935681720087863228679597686533491234188689362e+392
247,2.9491287655198073801842823140752914246304378321289060783369669937907564247223177e+394
248,3.1543429132350160162668623629232632327032231162854803544985107255625690224878982e+396
249,3.3874949747312206754836441642670068490438749770890989196068251953742557996884657e+398
250,3.6525480799746900824089316750743066282160499710394279667076509221640547599996086e+400
251,3.9541555230913609093031887458270144990566574521147834758601465907022612377255691e+402
252,4.2977893816711045288279535866741151526793198692050368377874028572809979575484045e+404
253,4.6898958125416064157968462263214804377857074020491005225907101030965670604843213e+406
254,5.1380829148436720659343612380778405266531600658400990380148454864239238372350536e+408
255,5.6513484482603597831638933298248379730199961238172164357193882614127900230967945e+410
256,6.2403564409339572659904555316908884796974496430891564254457308876477021684905897e+412
257,6.9177739103463447112179385736385212143899036880104701712852679866989232130234145e+414
258,7.6986816692092494416803039156435318149407163941424246162198342809459178820648564e+416
259,8.6010766481496600635443428102881900073105443492684925592350730564403207685603304e+418
260,9.6464875312154759746389720817884201026649722668336852508594347090965354477860784e+420
261,1.0860731017646214298217128851975885776028121944579315792400479906271400170765998e+423
262,1.2274843014175980730933043318594214805508530871416674599447528941339262027347611e+425
263,1.3926227939597069015558053525064341859536664955711580937125631755973230842249733e+427
264,1.5860080621830456498810214435329707823578340823635447441999411643830024939743457e+429
265,1.8131149679958832330615611309276248417468505562356731527524220873579009837765115e+431
266,2.0805929709225157418455781729080870046070867309539581171589558403261843752024327e+433
267,2.3965393196969153073916672086624076164408166323325411235575670746095594102960423e+435
268,2.7708403419631398224948843912937360281468746864599505117035030084781650721965231e+437
269,3.2155988602778611785556282534604586814615514620734485421207580692425551282406462e+439
270,3.7456707984982542861674864474337995465905628960507537060408791038425948120085633e+441
271,4.3793405549628990539693964562356446806890868161797609518102661768765284078696022e+443
272,5.1391731600500870468280427044479527626278182715872328446851902055947630835874801e+445
273,6.0530922025273068600609118843265951298354482987196319065834158048640622478601121e+447
274,7.1557467906227255232400322097778183125682199471056724811918374004356348712828088e+449
275,8.4902494555000932487286566238141278718816746580835770884509176355902593933325958e+451
276,1.0110391295389595814891391614313589810050668672337071232311354275798536760675955e+454
277,1.2083472646391819329949288101246360610639614671492799781421187238062567310805221e+456
278,1.4493929616947671860493080453872597460011285728856109835330672806314394232785228e+458
279,1.744799223473826682294355360818097694649692498511328343594219629066140727292011e+460
280,2.1079683147038779022283769314224577457060901680529954367296350406950917484332327e+462
281,2.555856272558421409422837687825609684277005789047059889182054789940166474833423e+464
282,3.1099755049219472584049861956679939789850886292671661039942356632270780188924521e+466
283,3.7976960361221351317842844287444447386380245178510762064885713119421701258566024e+468
284,4.6539387818133501574937070406695454896033596033891835266579648425552165144988302e+470
285,5.7233847452322399788381560828444435019697372221739023529187729175997970624810056e+472
286,7.0633649155685929522882702637212735989528899207615155371748826549062474812517778e+474
287,8.7476505793693086769829655023233884788340815982837661779915016145640227961366435e+476
288,1.087143773023327751247883466894838331026664136178142410782866549347163996963556e+479
289,1.355791912726740754022636901341948907989806541331236674957568772862240154067254e+481
290,1.69669727017418650053047079734380040443214024029688466214616948880634720430097e+483
291,2.1306678360518630057781351429090059339062479984175349330741240818804528834047642e+485
292,2.6848624587941895970502551635502082482445307862260154240287785013009015798985745e+487
293,3.3948306203782319069152544684883003705976688473265319452207640448095933825122165e+489
294,4.3072379261578389225817368671433959532856903108704997507525625877496241391587719e+491
295,5.4835175664261234017615042217741222137576934505392364849119064031443369456884974e+493
296,7.0047754446231979612211597719822885905127226838657108795866759508464241405364353e+495
297,8.9783970626499670304991136996409244475889619580958917068850538802019510047712365e+497
298,1.1546970443886100943987776512659733906548699105555473085015698808127180728301417e+500
299,1.4900369350450521801080962077623688637922529186641995248996138738582391909336516e+502
300,1.9292160089904997436145322747831542152452338127853371205119158443624971817956007e+504
301,2.5061938906504024086015498719717738758627159473086082577762767240843271224819656e+506
302,3.2665825568911079920406585511885015405906636312099795412677266668678406810663687e+508
303,4.2718203418928863856279724246304062524805227233037045585036777503753581455648257e+510
304,5.6049007720692415387154806159315449847090293482290089294880637907693598414889524e+512
305,7.3782566106660958436114664813712249347324634875363290673682678080963317371948974e+514
306,9.744639174807700961959979562014877948526416830193881630474608821958673867647042e+516
307,1.2912171378049520764750075519881203561679400237702924793698667447329592776156471e+519
308,1.7165231901990262044765988995413665061501821700327965930866964312096939756627392e+521
309,2.2893507505203959715326509433645637290724016931060824695847061020393970987156003e+523
310,3.0632517231398666630369994339168922063508770963674434938939882178779937898023118e+525
311,4.1120290977917039822594868757779034094804303096693951164741041849339882477185028e+527
312,5.5376856028184534122286436183101575912788917739185147418752834253788887712546632e+529
313,7.4816010433363305964064991520184232216795210160429051439741271086153269394596186e+531
314,1.0140292189538027574808103448357724334865510804803774599750668454747642485396167e+534
315,1.3787693919439089751279834711599271575462207262413226976918849748929604793088574e+536
316,1.8806744953064607877761951632877096467435298614196173170975631401136901048037756e+538
317,2.5734284428687862456088415786214434268593018311506728580648547578960409096898118e+540
318,3.532504066105763114294327425156079900322038648431506200898734837648568950528599e+542
319,4.8643076521813149087023265082222764946071671463795188124237832842691065760371783e+544
320,6.7192824299316085467885929142432584311919426262445213042976647244783419842020678e+546
321,9.3107354438937969987088803573939297605308607835983824160108577052012651560611319e+548
322,1.2941960391818811341285045728535159215292884893610922914597845181430683337730799e+551
323,1.804541693238317755960507891698090682528466959210786080253849918641344701848982e+553
324,2.5239477601305744680491752068161668343316159500435414045175852911888585579385395e+555
325,3.5410839864688932294846947950548194253735556201897906924936890195399454407480177e+557
326,4.9834531635643216682851675448032811783541399744576643414570072166721725191276614e+559
327,7.0349126841724238449950951961231265217610575545368299749206013354185668752453503e+561
328,9.9613255319534261056892007990329115411755908327188349241036000903963498401683855e+563
329,1.4148212833520230192984789006545788426375439705935715353192568641955579020070651e+566
330,2.0156170785741998755054028532523995809787496554677654914193028849753058250197968e+568
331,2.8802650639747808141625265791498292784597028849625031446034518456162710622839366e+570
332,4.1282964711521711671479429120989963420974452475511855501251102349274774369884884e+572
333,5.9349809737349262048239904133367222396485185017815994418071706998411187877290103e+574
334,8.5580313918810485095874182948943591676906037790183472246036808302057658595382223e+576
335,1.2377433304747665373249901752265812005703470582689935420066952399621196939980931e+579
336,1.795500776951527390842605305323322425918619416706086219796974048933695318641084e+581
337,2.6123719594537760583309382447284911465796194005092636628973204353123472023257966e+583
338,3.8121940292050555301621536156399700991374932563111369150534614293955626718571865e+585
339,5.5795827603490099006207531208386749386800624947546189796305668048564007394517338e+587
340,8.1905184561519908648667897551739565509943465983058867540613516087304445178103184e+589
341,1.2058692671541836698938771020561449158047128745707808046932231594459561570394184e+592
342,1.7805922059561310345353934185890134900050595296339771602870595706408381568730418e+594
343,2.6369408155584526083727141046739177951389626219872674912971838203998685693807617e+596
344,3.9165552502174589775074243479751506976620712616301534280913084000809098857707633e+598
345,5.8340802948950968889396940233555977833800293067820768700648310062923474162146485e+600
346,8.715677394120055478241470672526122913897953925607476075969021794543790534977845e+602
347,1.3058306051219584876442766105994526057975899059663304214206080060504556705193795e+605
348,1.9621213521740120763947456122247490812691284244568041363356960739640032116333939e+607
349,2.9567499811880182655536588403252185233271862567392151205628002219270801819039129e+609
350,4.4683735655151638664270919968778280054370080385295935246582418232208242177447848e+611
351,6.7721553527177551722701574631437399101985338521470203770034127673687824654287348e+613
352,1.0293033182895736966927164040100530635136044805578828262968352543905677363737887e+616
353,1.568900246069383992700858105970729023868971821971062238033804086437190498452147e+618
354,2.398166225508493888440379747028978200072399322819306405244372986055447252237535e+620
355,3.67613745334277358627469775384071988641342389122139407002337505001398224982477e+622
356,5.6510512209776142336371102854317968206218088838753420039919310574999014694161052e+624
357,8.7114077718421790616602113798813058138030974357149734821956033946822889008444689e+626
358,1.3466837300131793755999462297936755776307391015765510495429428444067174422187572e+629
359,2.0876497938287135214476876322118864493773252753488189466821633067008409614418324e+631
360,3.2453463771080777910843530372051548647134809086386800785217255225727004168604222e+633
361,5.0590907651300609991373903689116369615083888607703427783758769875844972456456903e+635
362,7.9083984375296387224517844099111232229562916170710635456300100678970479891370788e+637
363,1.2396695544780854426155156554763457704161120179638383319274482126519339405967869e+640
364,1.948593899230896972688903191335425333802805012429356138813313855141228298872349e+642
365,3.071365174714240794591399705897450469247540299207146344072802352784735498276669e+644
366,4.854371498819288183077327201498375059869334288570956187362088331294685267545681e+646
367,7.6934784195559386992703117238497114583134224099895121978780486210794494881799698e+648
368,1.2226366378920023696332403567050451324304789075374324247686715400701895891911563e+651
369,1.9482908144767808398098004769925185054537499530081879612544253594555953827552377e+653
370,3.1130684120299055024151210064282716731156387557960514592811445300580637685283496e+655
371,4.9876832120207750299403267609231732864142117861604289875107999477909482026122251e+657
372,8.0127427961527142978352188980901620340473084537131029942853913869045994428564584e+659
373,1.2907214614442505489909780346681939698032181456075698252650683092841828491096917e+662
374,2.0847294941101456329491022862067098708226024618445643921318515283743702718622603e+664
375,3.3762113015461870792414947084231919277441360794501331511206727802153503393346428e+666
376,5.4823802284291349298436722256349708596212256992295823170078114174486827563461627e+668
377,8.9261714134370315415897865090440111425129392347395201567049705588393345885374967e+670
378,1.4571852199423922102797625516650914495885167687318604444406596928100617118322325e+673
379,2.3851445396641397848836219834178939175129683980905405784140975877442242394267322e+675
380,3.9143712931998088156295897854907262801599760713319073357578862815204786865798797e+677
381,6.441005656603035379195205932237316906011835477684274975611375579558238194348793e+679
382,1.062641281702898406406585463967940146366134170046861260610455677835721618938387e+682
383,1.7577537574041046354756006059828969168168510768533163304884428157642545152839725e+684
384,2.9151758612834170027153909288490187453221721050462683043285030364894418314484902e+686
385,4.8473446085631572586054826209256988409201067256046946343047396870220930590011349e+688
386,8.0811375644712925342803570317353208633686069588275925602798614785223426039881611e+690
387,1.3507271876575738013805534273915717139240734049735032788546993124540755688802275e+693
388,2.2635307899445300416363886692034900037428319545707045136283022028861784957235907e+695
389,3.8029962312877239421006427751560294046214664292138816364483467230925753837593449e+697
390,6.4059452538578847589259601358141994197013017844444140562625672047750166039609337e+699
391,1.0818212799296765390583024932692798081498891283845930608816678024759110834010119e+702
392,1.8316392081240766358302316259278047656358454766788049547465947185489155252422272e+704
393,3.1090923119881342778519552830235074172979999279466607700978536496697547672268374e+706
394,5.290951129361907950265983317621280383107163556412928223488536589904610742414674e+708
395,9.0268768923320677112910556702967922949925097654809710666450213469680432875328783e+710
396,1.5439816268916950469744796193591790113299403202862923684908379508301325718142529e+713
397,2.6475537876974414050573872511358577225898304645378083840359683713551936538517338e+715
398,4.5513762863292327605914343571923562846056419270246315045028003506118076521332345e+717
399,7.8439212340377779511549551056424369657462037733470902590878879836440027217262698e+719
400,1.3552315241624742608721080099776586246140964668305430212302963991911677608042393e+722
401,2.3473661011657419467469727040894689183142921289767443220532629875471141209577911e+724
402,4.0759843677688778127369809695628655387754599368551937409378429763224769931610175e+726
403,7.095219544999118727377684498010852771644999020118895792002201585256949312751152e+728
404,1.2381638696360597265900134339491936548012781156395254295090940017495236552293305e+731
405,2.1660411443043734019891859082406645216850009837657249758903770269323418989472046e+733
406,3.7986466950745206305327094834854087921273875994257307280027393390508460323407159e+735
407,6.6782409053315873857888838694204419424021906675618520515637511311510431005004301e+737
408,1.1769651510666894910566882700550854243329030728553602239576492094276193181993895e+740
409,2.0793655699804351349194021031016069847374789912049011204418540157411367343694388e+742
410,3.6826564571326557815088924788320446114469005112117610697800779772895249587909115e+744
411,6.5381078837323792279855715177074957376478686181948866126981047129629972328062505e+746
412,1.1635924436441013408171745628014681413004150042068154087079699183607275220513108e+749
413,2.0758934827593994864461388010694797549478744175154131273824687081267903382329831e+751
414,3.7124622278959879634840810145244247601201784018620207874380986380862168968580535e+753
415,6.6553251951475372386388473102040169588130085664602573909785719177294146476698489e+755
416,1.1959808995838031307690974897916947727902191690443368637884605819541685676762101e+758
417,2.1543904269750177897499003301804242407032605771838497200271736886788947635393616e+760
418,3.8901582812670399810064528802423109962703497826280186455344617616533016666518534e+762
419,7.0412591870065279009523064879500879148185927212355763293959403457533415619101872e+764
420,1.2775299829876717716926043178161951982799891852490673580991685384000445989972101e+767
421,2.3234167218288901251581998796367959139138282454689129790432120010182704969350285e+769
422,4.2356093307927273098785028254080322147617750307230629309537912757103096169688425e+771
423,7.7398939210189889124879356859422502192248165240233566642316685675597583358346434e+773
424,1.417692391630801901055957759981375003331847888361135917342039115329868652839455e+776
425,2.6028819378217217404927394169439587333901504323713847208927666576063355642531655e+778
426,4.7901595184722902455970204328700184233681113123137255918481095392211156554794867e+780
427,8.8362119375672242402696453255987943880660805900097800273803169690964887963883781e+782
428,1.6338061251707130629247548243461706195816142555591234334159476014087320494261379e+785
429,3.0279645226081292326455482056626202019750807055849191382709600599462978729163469e+787
430,5.624896566447093079211383925231366520132492438997598968277548409699634034616358e+789
431,1.047344208540766155506486647471682412232718673750295778674143141378590722584655e+792
432,1.9546685167424335682484153216829997991526920949053812258325433273411616206725982e+794
433,3.6564804045687658157430949062848841599964648863759577940044110888825581851814195e+796
434,6.8557899922050150309987563737366429733154180645099827874963851707779890250539081e+798
435,1.2884084603222689570227257206341623304907234234469480947232159795130444687746424e+801
436,2.4268846314309130619569994976575031240436463159033609421587750779125622768193719e+803
437,4.5818609097163753584953032042568443165781023091808389137491897369933239004433479e+805
438,8.670209529927839133490356819338797939222912678204963071821952684658933819424955e+807
439,1.6444093319247427706724795642347802074061406658158306917303410959581622651061205e+810
440,3.1259401356897765695471429734442953285372766689418408699908574632834724547781512e+812
441,5.9557918566691907654923861128205515171606650793349506095839180139748061292860694e+814
442,1.1373241325469438967201511015135216506435449904985461234063396350605520084726438e+817
443,2.1767705451260793587843373509384473185245560591933757740277679974686618384395493e+819
444,4.175634546998568566226147651666879927076414932638739758025278701428120611731547e+821
445,8.0280770355995199058076995936404704295858649483387740072197014021262934320951825e+823
446,1.5469547019453444965991327261858724168113966381779925736349529622124354905511211e+826
447,2.9875727251260809904628156606649519791894609484873795946373777975841269417517104e+828
448,5.7827180172891004604358462607652074539592176014954523565205052034157358332440448e+830
449,1.1218014877424620375655823014731387344945683814387781302979949200796570093797263e+833
450,2.1810635063834785329924116368774596211165564732977684941800534336587156283662386e+835
451,4.2499787628297080045652193690333471662960745871577727412994355365046006690244029e+837
452,8.2998303080876254436678277765090660365038239973769964258198641567927801813463009e+839
453,1.6244768854175455479063408247375497522466302101789060400996957243331465554772388e+842
454,3.1865270036244102017045868044796736021782525300270442977109876838566528468484582e+844
455,6.2643973622676106474242769185362668084944461489546500943290231665543425011015283e+846
456,1.2342311804312311922018965461812821179341455687422960494848670384271579611065734e+849
457,2.4370652262676655601575229220365717002530088776497510764252069446642234129437686e+851
458,4.8226875599712328630060597735551601654054069343266209720256064740547581654000282e+853
459,9.5644578225811413494634056128484761183152439675475971764865955807382164417961996e+855
460,1.9009853549281078300424406849625044422328446052225571520097832029149112413008754e+858
461,3.7865379155899020562274405927110208427838230758956751433797739968163777749996853e+860
462,7.5587315301084523270436440846331301703127006626613339721714630446134172349491095e+862
463,1.5121558685817086184373417172608692430765521450930357727168197433256829170553603e+865
464,3.0316788355937316521254707773201468020720727285897916152653618871955637545246591e+867
465,6.0912551634849507867645716135037921790162409699660324862089975324445084483895707e+869
466,1.2264937630822710591371442341973902218360261296269081450071257165039467024443494e+872
467,2.4748953414153238610773500737906037732977200042798916745233744800286433275965786e+874
468,5.004714123590337483101514129870993222668562143802699548560329881970289047538685e+876
469,1.0142164805188988805894986981076897468112973927896923564762090516604164440734523e+879
470,2.0597239573722288597288807477565665100903047803960127604330765709273386120189965e+881
471,4.1919140756908725881626820602626470622370372893652899886811355245827568187867299e+883
472,8.5494613291803981786692484545982312353012096217557381824530668030824918797009922e+885
473,1.7473753444001245335982032842128168776105538279577365157486783353369012015489557e+888
474,3.5789264758026951824533554882822254540261148590959452788364405647819207374096956e+890
475,7.345756536022187471687263100523441170663887486484210643150211516683793126649059e+892
476,1.5108993411146001086850969328068256808377038670573660221117346192075693829301795e+895
477,3.1142097247414555348894335379633114902518454608831455920314081709256372753694369e+897
478,6.432378442363520670180906088594630068256543647981122425994903564560406456685774e+899
479,1.3313885474453765131883578569088858558999867850131943959884826936374801060970376e+902
480,2.7615037871271547834010520582121156938177267633791799378908125096417119094591414e+904
481,5.739739390459068935117978920799446343139150847003482652222919664613140965462075e+906
482,1.195480576731156036554153875729025759414277108598851268072494229133947212923872e+909
483,2.4951394198539347640640273059739636760627447684108996160734918371722838129101238e+911
484,5.2185179789584200145320410932503716195709828536523068940772121240740641105373534e+913
485,1.0936988676635272004708262729805957662043327290934760887079191456135116455187004e+916
486,2.2969138104285401818727038427109052857070157240930576445512183059759234912187061e+918
487,4.8337718412909114772244788241447437776109606094416498431829854135656497182797893e+920
488,1.0193428223161489481016269042325242798930055573102602860531861209084297242098081e+923
489,2.1539976899857747440772621784596557546281533139296084822970862471245563032817333e+925
490,4.5609910071529151380284160243235447790576924397022289114846529590325118868821762e+927
491,9.6774380818500728050288178881537967940364119396325076693960711918230964101766342e+929
492,2.0575338107748761344384862411090187832598746225381025895433310059142636252788625e+932
493,4.3834610549288065716803103502591139360670982829155068099058377004339418391018655e+934
494,9.3577001038408175788060123012935450959241173953204035077619427411754307301278612e+936
495,2.0017097518719812887403867072876673580382531262622395325767301973005143187290237e+939
496,4.2905337189715548003682554097359980274978176327998094492092334153913053242831252e+941
497,9.2150563182292347062305794294532943512349860310336942498081040186215725860543343e+943
498,1.9831673457419774202829115965238820841944616906472175278055521318567350375037438e+946
499,4.2765511275949861467058702988130100541304512342506425778031617480571884772478066e+948
500,9.2405784782781040135445678140745281758037384956936688417135165359084920992794829e+950
501,2.0006637004340557662480774481440081660603492194659093630653456745224961800975822e+953
502,4.3402698262942079555490922876824762606230587377398942331889605510695723011778029e+955
503,9.4346401669359543215029306370817603076189312066783824323061098327882929302181278e+957
504,2.0549355405093269141363090606974841252411891626255939055959563008885607602230284e+960
505,4.484702104446917820579097311426386626597174910926378211940689981001486777780185e+962
506,9.8068565422320505314638988814951821160474153344467773310266096217833385356867589e+964
507,2.148746421414061800215999672940268696847468642715860754008047091453204267967904e+967
508,4.7173482281284909984275102407609847321379783356794128684906614788977355296759381e+969
509,1.0376871601714296247082847766479519973358432012331321249811080160135508156570519e+972
510,2.2871202721560922185220699804855349111280882198283068184972219937487737182979424e+974
511,5.0508438377041405230052717906138890068596165900310517349810028872454849202929002e+976
512,1.1176082189247033910095157742990503213808732536515704177644159388306137721586012e+979
513,2.4777887541461871901564139925414875474895748639542899391775499162194071714603499e+981
514,5.5041005142444373511724857138007228152005237567236061723608892146821960041402354e+983
515,1.2250510109939441746454872154972791776853536837973226605271233084058755813046551e+986
516,2.7319080895061139586575344752759824231986297322584049869915712586404347146215147e+988
517,6.1040833073227506010695292295921214277372196622931025997089269862716596028969704e+990
518,1.3665189105837714626286363244580615476291172966038071307591500474214157895344204e+993
519,3.065138062390174990433537249436589220761801270310812938188138538098234969230628e+995
520,6.8884580654792793077373006950236939545998217968678800110640324567840740727237536e+997
521,1.5510648898082112748362521801323235161361557397417142080453110064103669325624131e+1000
522,3.4992283148137659912111103705787570377551432382336317651335782537067672831125956e+1002
523,7.9094695273318346494832414234694896520748836872982855582021986209869559844951013e+1004
524,1.7912392841528746408177252744025679448428956770377126925503034080472129964204724e+1007
525,4.0643344329254303954139439065401667926330026311383878296598750941637313882142608e+1009
526,9.2396021108474917346546152414232884016399442646502749603613892267309399495245868e+1011
527,2.1044738237194965744108998315914828857391508713330675053332049204459283769619606e+1014
528,4.8024034609856260508134227272818624775574447619406838626891715368413919406886686e+1016
529,1.0979866283973656810157412047258591325969074034289901149265548432594024035872167e+1019
530,2.5151112163340160917457851985108899149430859918217156513161372067084152417288784e+1021
531,5.7721488224788455200862014517007760061067125574866974307937316063466456326266806e+1023
532,1.3272003359590633202495035738672393062137642874087632910158599114551698686321872e+1026
533,3.0574019829045041033754672033017161498098601779903024708042317657461711277254243e+1028
534,7.0564158269756972773867873942178317263067298268451464112264748727377928171961616e+1030
535,1.6316605814258622032691691326469270030704303538018893326795156876804917790038062e+1033
536,3.7799668316618579998899543683983108850163689231284387937196241384675959159449622e+1035
537,8.7731822242141937602974780546348540040676062221753444723286164182146177340377553e+1037
538,2.0400264255281688583039948995757713541269820289059109112768903605649928540758533e+1040
539,4.7525031386372627178387182755217383207562942389758708236242563313944141335152037e+1042
540,1.1092144213443551986830719736484965385351030151673753893824803997473407039533652e+1045
541,2.5936632194505241634044183846920878898623183031028069467224232127626393853051914e+1047
542,6.0759634272617991887224724490636937574798273288307931806860710892656303209708832e+1049
543,1.425997377045003725737815008908195695881345628341605635361887863494319839375696e+1052
544,3.3529172247684741637891136048702518989009648895771829395073102408332607481265443e+1054
545,7.8981612092801501879468203101621464210775205015109697213912507332137569395450768e+1056
546,1.8639177543144880827522702744592355093191408294126920371260529942478327894207699e+1059
547,4.4068028698364732840910994050883030819196474348571288973167545574020427937159282e+1061
548,1.0437949047467933278332452508128872958076894592846134420979659719428892333311172e+1064
549,2.4768513367384339934749427168065522050302560067271775545668034636098879893378256e+1066
550,5.8881176840791358651894296513418723961444915223486198188628729660549380647575543e+1068
551,1.4023078159078243091199302695868399815196942682017556712954859019809125143803568e+1071
552,3.3457934315180290990087353197206474710700833083209187609040210996364663649032077e+1073
553,7.997281070471910586668636136709182592744250774159188015996760185635001968270464e+1075
554,1.9150126027608928319029246445297214007138753851778122205332628556755887161961477e+1078
555,4.5939422743086964616568448953361134286068258397927840717037379122329056533733681e+1080
556,1.1040344795105999038418407689058823664427834199736190024539413701753627272612748e+1083
557,2.6580401447803165298278966589727829439184164563009811005822432643119101834473748e+1085
558,6.4109269169798861147951857895172717370482316774441136081055275580574082376638798e+1087
559,1.549027427731798396105365034515939333372960439142876216332634730789944075798266e+1090
560,3.749514054503777890827666823689411402165300590010134829884666949113043220442856e+1092
561,9.0921600260706604891931110174819582969775566705790892614158170766497140462000841e+1094
562,2.2086859983116844167176553965865192355192714419459103226677672076860678938179824e+1097
563,5.374948746694007720404708426797719033582926471496757265597198925999629054945112e+1099
564,1.310348282822352154902525382476247729269076710258513233994846677880743473378498e+1102
565,3.2001464792499928352157952927295854125606044111468783042222222516483933240559324e+1104
566,7.8292886188651799042071968400122171639273299111663992024068129627094879917050524e+1106
567,1.9188574838383081035981108105053505681139038569197677244091289287970349098295998e+1109
568,4.7111806037079864443883057407275124525619771063325743289048072730315875249754539e+1111
569,1.1587294669087156295757587070495970052185650883657062879153096615625541465465956e+1114
570,2.8549484341131609457307288664967155409505664331674199014027501896270836951648039e+1116
571,7.0465585233552495718085415661912883717265450605518357078493515714999819236393585e+1118
572,1.7422765806575880707100253372325318091473230877022346617633382521255976113168494e+1121
573,4.315360120125941083212562436358771925099263100537095499234773966641979543364642e+1123
574,1.0707191503588589624518402885623028393227633620389463341128481197452947549668941e+1126
575,2.6612848149570570389406907343430593552068827467534787830045122784918002191659337e+1128
576,6.6261777602958091156387680890217390997798130820449146678882661467809588209530046e+1130
577,1.6526825309172654730613060391272025120440381993307341743837832440796712668715719e+1133
578,4.1292303347121219829218706497411012268022314420156686683687018053645138617932795e+1135
579,1.0334769524195281173997193274999701317838639245841511080685985825438133073907218e+1138
580,2.5910941679190022093421254974279581824664637426233980106686878374026676412952815e+1140
581,6.5075125830930746228608578261216919173762915112463306509219830551954860667725869e+1142
582,1.6371744718208608273558061613867173157512418937497846495849253522478150228053985e+1145
583,4.1259290269835556557927907281893076787031387433797302452237549976728232296166614e+1147
584,1.0415835234830442552810482379762941179092211125151266590267911786946384081314033e+1150
585,2.6339694350967135327933890269885049641469281648744353476240410902393593956788512e+1152
586,6.6722201746793548102164814367301274723305504666834511449118404318835287004511859e+1154
587,1.6930576492312924081180749363459235917317189393716275192206118427961483574597106e+1157
588,4.3034186539643856410470962767199122862706603272588729144657565025085142003110788e+1159
589,1.0957075750912184390052930361845336522522370871978517744983516814950126276296152e+1162
590,2.7945616079458829894324216107309493014743567735199185379957803239163967762826593e+1164
591,7.1395266490756346202471731110397130130068053646774743182630744956108355627409146e+1166
592,1.827092809397560564190491958092882325966548415942225208565954123930681087467037e+1169
593,4.6836670363689241125383366182176096871112637128356585591027276566350560847706367e+1171
594,1.2026642309241735652809457957586559314225707047324066232645853026464649131992939e+1174
595,3.0933888597658877896906879777356383770632995219234710566921330692809810029911404e+1176
596,7.9699418054069482449570020834910755335788233194109378822719505721741087172657549e+1178
597,2.0568615855739302970056718805970049551901553791284954120447349558205513724300066e+1181
598,5.3172006053449438572835824911028112830375323358588394797682897111596718464038325e+1183
599,1.3768539237822580190139197245227086243183388828125705472109229717876868983413232e+1186
600,3.5712340688155687591789027543429792345671443140987193622785778328528088928352651e+1188
